游릮,Yash Gangar,bwaTNoc0cbbxNHE6k,https://app.hubspot.com/contacts/19497222/record/2-31980195/26992013906
游릭游댴,(HANDOVER) Bee Digital,PgQDnWmfPvgukoZEH,https://app.hubspot.com/contacts/19497222/record/2-31980195/17179148150
游릭游댴,(HANDOVER) Houzz,pqQB4FWGoS8nsfMoo,https://app.hubspot.com/contacts/19497222/record/2-31980195/18829558798
游릭游댴,(HANDOVER) Meet Yogi,i9ehTHegDRw3uBmay,https://app.hubspot.com/contacts/19497222/record/2-31980195/17181836645
游릭游댴,(HANDOVER) My Swooop,p2cTEJ8q8Azy4h5gR,https://app.hubspot.com/contacts/19497222/record/2-31980195/17181881872
游릭游댴,(HANDOVER) Patrick Truong,TphJ55khghHY5NVSS,https://app.hubspot.com/contacts/19497222/record/2-31980195/17170706947
游릭游댴,(HANDOVER) Roark Capital,3bkjjDMse9R4RRa4f,https://app.hubspot.com/contacts/19497222/record/2-31980195/17168485226
游릭游댴,(HANDOVER) Surreal,1sr3MWl4A5UVg0e2l,https://app.hubspot.com/contacts/19497222/record/2-31980195/17182164017
游댮游댴,Adrian Meissner,LgDBaqGjXSY6aJuCd,https://app.hubspot.com/contacts/19497222/record/2-31980195/17181956003
游릭游댴,Amgen,9bQsaZYnLFBHqtFKA,https://app.hubspot.com/contacts/19497222/record/2-31980195/17181829671
游릭游댴,Anteriad / MeritB2B,H3gqs2LnjG9HMtZes,https://app.hubspot.com/contacts/19497222/record/2-31980195/17168485198
游릭游댴,Apeiron Insight DEV,85v5DJHTeiN3KFd7K,https://app.hubspot.com/contacts/19497222/record/2-31980195/17182132270
游릭游댴,Aperion Insight PROD,qDAC7vxbRhzFc5Ejw,https://app.hubspot.com/contacts/19497222/record/2-31980195/16356505872
游릮,Apple Inc.,o8Ld7dKaMz1f8W65N,https://app.hubspot.com/contacts/19497222/record/2-31980195/27780093309
游릮,Beluga Health,cypozZNwuSxKHu697,https://app.hubspot.com/contacts/19497222/record/2-31980195/27138592909
游릮,BizMachine / SharpGrid,YgiSYrvGSD8eGsqA2,https://app.hubspot.com/contacts/19497222/record/2-31980195/16346993748
游릭,Brightfield Data,wNLZoEjoEFYRsgWbg,https://app.hubspot.com/contacts/19497222/record/2-31980195/16344960105
游릭游댴,Celestica,nTTJitoDugLjMHvrS,https://app.hubspot.com/contacts/19497222/record/2-31980195/18831709486
游릭,Channelsight DEV,GTLDwzJnfTMQqgBR4,https://app.hubspot.com/contacts/19497222/record/2-31980195/17177986116
游릭游댴,Channelsight PROD,7ofB4GuCfaMCkX2HP,https://app.hubspot.com/contacts/19497222/record/2-31980195/18829561014
游릮,CIN7,BytxOgeV74t5D39Tp,https://app.hubspot.com/contacts/19497222/record/2-31980195/25693685507
游릭,ClearBox Analytics,1iwrng3bRMSspNMUg,https://app.hubspot.com/contacts/19497222/record/2-31980195/17168485242
游릭,Crunchbase,EGb5W7HwfeQdgpgi7,https://app.hubspot.com/contacts/19497222/record/2-31980195/17182151703
游릮,Destin.co.uk,IpwlgXhfcgvZ6o0eT,https://app.hubspot.com/contacts/19497222/record/2-31980195/24559632493
游릭游댴,Digit치lis Szuverenit치s K칬zpont,teb4hSGQsfNHk7xL2,https://app.hubspot.com/contacts/19497222/record/2-31980195/17182149674
游릭游댴,eBrand Value,ntvEuHs9EhwM9Qn5j,https://app.hubspot.com/contacts/19497222/record/2-31980195/16345287850
游릭,EdgeNPD,EBmhXGXv2kSncmzjS,https://app.hubspot.com/contacts/19497222/record/2-31980195/18829561271
游릭游댴,Emplifi.io,N6CNN9w7im2EMYdSW,https://app.hubspot.com/contacts/19497222/record/2-31980195/16345287849
游릭,Firtal,TxvwKiP2aw4ZrbEpg,https://app.hubspot.com/contacts/19497222/record/2-31980195/16357772429
游릭游댴,Flatplan,b9xHqvccPL5dmAutm,https://app.hubspot.com/contacts/19497222/record/2-31980195/17181941943
游릭,Flippa,Z9JpDf74uHecET97E,https://app.hubspot.com/contacts/19497222/record/2-31980195/16357772431
游릭游댴,Garoma.de,g78Hs53Mz6xcWwkFP,https://app.hubspot.com/contacts/19497222/record/2-31980195/16331246603
游릭,GenDigital,hXcc8d89H7DoXZEnq,https://app.hubspot.com/contacts/19497222/record/2-31980195/18829560750
游릭,GetGaana.ai,vm69B3WPKDEWTQAK2,https://app.hubspot.com/contacts/19497222/record/2-31980195/16356517984
游릭游댴,GigRadar,cbQjZn4hDHMnYPhGL,https://app.hubspot.com/contacts/19497222/record/2-31980195/17178148373
游릭游댴,Groupon 1,fbuqkqrJ2oDoP9rNy,https://app.hubspot.com/contacts/19497222/record/2-31980195/17181860693
游릭游댴,Groupon 2,M8aknsR3gTBGczq4A,https://app.hubspot.com/contacts/19497222/record/2-31980195/17177753125
游릭游댴,Growth Protocol,dZaegfvN5KSwnidsE,https://app.hubspot.com/contacts/19497222/record/2-31980195/17177985952
游릮,GTM6,PgjGPOkRXl9cJMqHt,https://app.hubspot.com/contacts/19497222/record/2-31980195/27290067974
游릭游댴,HP,SSNTjWYwUeGhGVbcf,https://app.hubspot.com/contacts/19497222/record/2-31980195/20152255332
游릭,HS Plus,vHenANHA6a4vvtRQ4,https://app.hubspot.com/contacts/19497222/record/2-31980195/17182135818
游릭游댴,Ideas,fwAtd6g9nWKyjHA9s,https://app.hubspot.com/contacts/19497222/record/2-31980195/17168485203
游릭,Impact Radius,nab4uyTbZK54LaFTf,https://app.hubspot.com/contacts/19497222/record/2-31980195/16356347143
游릭游댴,Intercom 1,JTgS6JMLYWmwCYDrb,https://app.hubspot.com/contacts/19497222/record/2-31980195/17182149529
游릭游댴,Intercom 2,3qDMCYosLwzrJajK4,https://app.hubspot.com/contacts/19497222/record/2-31980195/17181880074
游릭,IP House,diZKCkJLoCMddmf4v,https://app.hubspot.com/contacts/19497222/record/2-31980195/17182158178
游릮,Kamala.global,6xHZAGfjacS6O4vlI,https://app.hubspot.com/contacts/19497222/record/2-31980195/18829603465
游릭游댴,Obenan,yMMEKn3s38vgH9WCc,https://app.hubspot.com/contacts/19497222/record/2-31980195/17182141314
游댮,P&G,fYn5IE8hgqrOZ5SO5,https://app.hubspot.com/contacts/19497222/record/2-31980195/18835315569
游릭游댴,P&G,YkEQ812XPcnLrSPTI,https://app.hubspot.com/contacts/19497222/record/2-31980195/17181938271
游릭游댴,Paychex,FFApB73Yn6pVCQVPG,https://app.hubspot.com/contacts/19497222/record/2-31980195/17181940264
游릭游댴,Podium,BHMg5PqWLKWr28n9m,https://app.hubspot.com/contacts/19497222/record/2-31980195/17181948775
游릭,Point72,GtE4KyETF2Db7Rh8R,https://app.hubspot.com/contacts/19497222/record/2-31980195/18832251789
游댮,Puulse,j3AYvM6fWRG683yxw,https://app.hubspot.com/contacts/19497222/record/2-31980195/17166499131
游릭,QSearch,3WgYy3SkBjMQxXdxQ,https://app.hubspot.com/contacts/19497222/record/2-31980195/17182162220
游릭游댴,Quilt AI,9LgpTFmjXGh6dKh5X,https://app.hubspot.com/contacts/19497222/record/2-31980195/17182140010
游릭游댴,RBI,SIXqP9rIm5xYp05o1,https://app.hubspot.com/contacts/19497222/record/2-31980195/19184200095
游릮,Sefbot.cz,KpYoK324AFCtHW1aS,https://app.hubspot.com/contacts/19497222/record/2-31980195/27065481312
游릭游댴,ShopVision,EFsMc0yaVzTRTBbhm,https://app.hubspot.com/contacts/19497222/record/2-31980195/23628366650
游릭,Sila Insights,6nNFHWqLj2feFZEkw,https://app.hubspot.com/contacts/19497222/record/2-31980195/16344544873
游릭,Smarter X,yhnw3bYue8qyP9Cx8,https://app.hubspot.com/contacts/19497222/record/2-31980195/17181860676
游릭,SoCi Brandify,vt4PNk2nEuyk47X5k,https://app.hubspot.com/contacts/19497222/record/2-31980195/17181936643
游릭,Speechlog,5N3zrsoQibEqtH4sv,https://app.hubspot.com/contacts/19497222/record/2-31980195/16358083914
游릭游댴,Sprinklr,E3NzPS5scQkWBne4W,https://app.hubspot.com/contacts/19497222/record/2-31980195/17182132136
游릭游댴,Tripla,LnStpvHp4tT6BxdPi,https://app.hubspot.com/contacts/19497222/record/2-31980195/17179887694
游릭游댴,UTA,p5962ABC5BmHSOwek,https://app.hubspot.com/contacts/19497222/record/2-31980195/18829560952
游댮游댴,Vobile,YWZwhpxsf8rYS9NAB,https://app.hubspot.com/contacts/19497222/record/2-31980195/18829548166
游릭游댴,VwD,Kh6wBrvfgG2pCJ2JY,https://app.hubspot.com/contacts/19497222/record/2-31980195/16354486034
游릭游댴,Woflow,pe42ESFEYwDdB9Pwe,https://app.hubspot.com/contacts/19497222/record/2-31980195/17168485258
游릮,Worldpackers.com,2lZFmm8momfiYVrq3,https://app.hubspot.com/contacts/19497222/record/2-31980195/27427446897
游릭游댴,Xepelin,PpY4PNAcEQdEr4GDR,https://app.hubspot.com/contacts/19497222/record/2-31980195/17177753177
游릭游댴,Zendesk,gcp93HGzAs5mztoP3,https://app.hubspot.com/contacts/19497222/record/2-31980195/17179887766
游릭游댴,Zillow,0QSpVuRIjrO1zuVNt,https://app.hubspot.com/contacts/19497222/record/2-31980195/27894938164